Reporter Name,Partner Name,Year,Trade Flow,No Of exported HS6 digit Products,No Of imported HS6 digit Products,Export Share in Total Products (%),Import Share in Total Products (%), Trade Balance (US$ Thousand) , Export (US$ Thousand) , Import (US$ Thousand) ,AHS Weighted Average (%),No Of Tariff Agreement
India, World,2022,Exports & Imports,4403,4316,100,100," -27,98,81,780 "," 45,26,84,214 "," 73,25,65,993 ",4.47,3
India,East Asia & Pacific,2022,Exports & Imports,4041,4075,91.78,94.42," -17,70,70,011 "," 9,11,74,192 "," 26,82,44,203 ",4.96,4
India,"Middle East, North Africa, Afghanistan & Pakistan",2022,Exports & Imports,4055,3005,92.1,69.62," -12,08,35,040 "," 7,36,27,005 "," 19,44,62,044 ",1.65,1
India,China,2022,Exports & Imports,2560,3683,58.14,85.33," -8,71,64,779 "," 1,50,84,401 "," 10,22,49,180 ",7.88,0
India,Russian Federation,2022,Exports & Imports,2162,865,49.1,20.04," -3,77,01,069 "," 29,27,176 "," 4,06,28,245 ",1.55,0
India,Iraq,2022,Exports & Imports,1615,41,36.68,0.95," -3,66,13,362 "," 24,55,015 "," 3,90,68,377 ",0.13,0
India,Saudi Arabia,2022,Exports & Imports,2956,726,67.14,16.82," -3,60,35,451 "," 1,01,52,976 "," 4,61,88,427 ",1.35,0
India,North America,2022,Exports & Imports,3786,3487,85.99,80.79," 2,88,08,127 "," 8,44,86,832 "," 5,56,78,705 ",5.43,0
India,United States,2022,Exports & Imports,3695,3455,83.92,80.05," 2,84,57,722 "," 8,02,30,193 "," 5,17,72,471 ",5.52,0
India,Europe & Central Asia,2022,Exports & Imports,4012,4063,91.12,94.14," -2,77,95,751 "," 10,08,56,473 "," 12,86,52,224 ",7.56,0
India,South Asia,2022,Exports & Imports,4175,1746,94.82,40.45," 2,60,76,024 "," 3,13,26,315 "," 52,50,291 ",5.4,3
India,United Arab Emirates,2022,Exports & Imports,3777,2651,85.78,61.42," -2,25,28,649 "," 3,13,22,728 "," 5,38,51,377 ",1.86,0
India,Indonesia,2022,Exports & Imports,2419,1502,54.94,34.8," -1,87,98,727 "," 98,66,614 "," 2,86,65,341 ",4.03,0
India,Qatar,2022,Exports & Imports,2774,402,63,9.31," -1,55,61,653 "," 19,89,912 "," 1,75,51,565 ",2.43,0
India,Switzerland,2022,Exports & Imports,1818,2097,41.29,48.59," -1,49,62,604 "," 13,40,107 "," 1,63,02,711 ",11.76,0
India,"Korea, Rep.",2022,Exports & Imports,2341,2373,53.17,54.98," -1,32,25,611 "," 74,97,726 "," 2,07,23,337 ",3.19,0
India,Singapore,2022,Exports & Imports,2790,2593,63.37,60.08," -1,25,87,930 "," 1,18,30,795 "," 2,44,18,725 ",1.6,0
India,Netherlands,2022,Exports & Imports,2554,2636,58.01,61.08," 1,25,78,166 "," 1,85,00,438 "," 59,22,272 ",6.63,0
India,Bangladesh,2022,Exports & Imports,3339,888,75.83,20.57," 1,18,32,148 "," 1,38,33,759 "," 20,01,611 ",4.88,1
India,Kuwait,2022,Exports & Imports,2462,335,55.92,7.76," -1,17,31,969 "," 14,96,478 "," 1,32,28,447 ",1.03,0
India,Australia,2022,Exports & Imports,2979,1499,67.66,34.73," -1,14,15,460 "," 82,07,843 "," 1,96,23,303 ",2.15,0
India,Japan,2022,Exports & Imports,2565,2702,58.26,62.6," -1,00,49,504 "," 56,99,962 "," 1,57,49,466 ",1.69,0
India,"Hong Kong, China",2022,Exports & Imports,1820,2573,41.34,59.62," -96,58,961 "," 97,97,909 "," 1,94,56,869 ",6.91,0
India,Nepal,2022,Exports & Imports,3802,450,86.35,10.43," 76,37,416 "," 85,31,438 "," 8,94,021 ",2.34,0
India,Malaysia,2022,Exports & Imports,2940,2022,66.77,46.85," -63,51,823 "," 71,90,535 "," 1,35,42,358 ",3.86,0
India,Turkey,2022,Exports & Imports,2465,2004,55.98,46.43," 63,15,873 "," 1,00,14,499 "," 36,98,626 ",7.78,0
India,Sri Lanka,2022,Exports & Imports,3145,1070,71.43,24.79," 52,91,576 "," 63,34,280 "," 10,42,703 ",5.88,0
India,Thailand,2022,Exports & Imports,2719,2196,61.75,50.88," -52,11,093 "," 60,39,395 "," 1,12,50,487 ",2.59,0
India,Latin America & Caribbean,2022,Exports & Imports,3180,1675,72.22,38.81," -51,09,899 "," 2,27,48,525 "," 2,78,58,424 ",6.43,1
India,Togo,2022,Exports & Imports,1585,42,36,0.97," 48,56,505 "," 54,03,543 "," 5,47,038 ",0.55,1
India,Israel,2022,Exports & Imports,2174,1078,49.38,24.98," 47,99,391 "," 75,89,089 "," 27,89,698 ",7.77,0
India,Oman,2022,Exports & Imports,2860,447,64.96,10.36," -41,75,567 "," 47,20,633 "," 88,96,200 ",2.6,0
India,France,2022,Exports & Imports,2714,2702,61.64,62.6," 38,04,203 "," 80,48,230 "," 42,44,027 ",9.07,0
India,Sub-Saharan Africa,2022,Exports & Imports,3871,1473,87.92,34.13," -37,18,511 "," 4,05,57,187 "," 4,42,75,698 ",2.88,26
India,Germany,2022,Exports & Imports,3121,3329,70.88,77.13," -34,61,455 "," 1,04,41,963 "," 1,39,03,417 ",10.11,0
India,Nigeria,2022,Exports & Imports,2768,304,62.87,7.04," -34,15,860 "," 53,40,109 "," 87,55,969 ",0.46,0
India,Angola,2022,Exports & Imports,1820,40,41.34,0.93," -31,49,886 "," 6,22,548 "," 37,72,434 ",0.55,0
India,Vietnam,2022,Exports & Imports,2363,1595,53.67,36.96," -31,23,966 "," 58,80,778 "," 90,04,743 ",3.35,0
India,Italy,2022,Exports & Imports,2691,2954,61.12,68.44," 29,79,746 "," 85,08,558 "," 55,28,812 ",10.55,0
India,South Africa,2022,Exports & Imports,2794,930,63.46,21.55," -29,00,684 "," 82,65,804 "," 1,11,66,488 ",6.43,0
India,Argentina,2022,Exports & Imports,1419,294,32.23,6.81," -28,85,705 "," 11,89,195 "," 40,74,901 ",6.59,0
India,Unspecified,2022,Exports & Imports,134,521,3.04,12.07," 28,20,012 "," 28,80,675 "," 60,663 ",16.21,0
India,Kenya,2022,Exports & Imports,2911,197,66.11,4.56," 28,17,452 "," 29,40,261 "," 1,22,809 ",38.8,0
India,Bolivia,2022,Exports & Imports,539,12,12.24,0.28," -27,19,010 "," 80,439 "," 27,99,450 ",12.48,0
India,Brazil,2022,Exports & Imports,2061,1099,46.81,25.46," 26,08,118 "," 97,24,341 "," 71,16,223 ",7.37,0
India,"Congo, Rep.",2022,Exports & Imports,1181,39,26.82,0.9," -22,55,739 "," 1,80,251 "," 24,35,990 ",0.05,0
India,Guinea,2022,Exports & Imports,1467,42,33.32,0.97," -21,78,594 "," 5,94,809 "," 27,73,402 ",0.1,1
India,Spain,2022,Exports & Imports,2445,2298,55.53,53.24," 20,06,077 "," 47,96,203 "," 27,90,126 ",8.09,0
India,Ireland,2022,Exports & Imports,1348,704,30.62,16.31," -18,89,911 "," 6,05,257 "," 24,95,168 ",6.57,0
India,Morocco,2022,Exports & Imports,1566,196,35.57,4.54," -18,48,988 "," 10,58,842 "," 29,07,830 ",5.21,0
United States, World,2022,Exports & Imports,4504,4512,100,100," -1,31,08,12,333 "," 2,06,20,89,833 "," 3,37,29,02,166 ",1.56,24
United States,East Asia & Pacific,2022,Exports & Imports,4307,4307,95.63,95.46," -75,72,17,413 "," 47,83,31,325 "," 1,23,55,48,737 ",2.33,28
United States,China,2022,Exports & Imports,3664,4025,81.35,89.21," -42,18,51,069 "," 15,38,37,022 "," 57,56,88,091 ",2.86,
United States,Europe & Central Asia,2022,Exports & Imports,4273,4373,94.87,96.92," -25,26,89,117 "," 49,13,61,528 "," 74,40,50,644 ",1.91,13
United States,Mexico,2022,Exports & Imports,4298,3505,95.43,77.68," -13,47,99,887 "," 32,43,77,769 "," 45,91,77,656 ",0.09,1
United States,Vietnam,2022,Exports & Imports,2434,2245,54.04,49.76," -12,44,78,428 "," 1,13,98,113 "," 13,58,76,541 ",4.63,
United States,Canada,2022,Exports & Imports,4379,3915,97.22,86.77," -9,17,36,882 "," 35,48,87,051 "," 44,66,23,934 ",0.12,2
United States,North America,2022,Exports & Imports,4390,3915,97.47,86.77," -9,11,70,103 "," 35,54,68,349 "," 44,66,38,452 ",0.12,3
United States,Germany,2022,Exports & Imports,3524,3729,78.24,82.65," -7,78,58,794 "," 7,25,49,705 "," 15,04,08,499 ",1.65,
United States,Japan,2022,Exports & Imports,3591,3471,79.73,76.93," -7,41,40,635 "," 8,03,04,526 "," 15,44,45,162 ",1.58,1
United States,Latin America & Caribbean,2022,Exports & Imports,4448,3950,98.76,87.54," -6,90,04,778 "," 54,77,86,480 "," 61,67,91,258 ",0.27,53
United States,Ireland,2022,Exports & Imports,2181,1500,48.42,33.24," -6,65,50,003 "," 1,59,55,713 "," 8,25,05,716 ",1.83,
United States,South Asia,2022,Exports & Imports,3206,3552,71.18,78.72," -5,57,89,963 "," 5,08,45,621 "," 10,66,35,584 ",4.12,7
United States,"Korea, Rep.",2022,Exports & Imports,3438,3028,76.33,67.11," -4,93,89,768 "," 7,14,69,489 "," 12,08,59,256 ",0.01,1
United States,Thailand,2022,Exports & Imports,2745,2389,60.95,52.95," -4,74,19,528 "," 1,55,92,499 "," 6,30,12,028 ",0.85,1
United States,Italy,2022,Exports & Imports,3171,3551,70.4,78.7," -4,44,64,213 "," 2,74,10,694 "," 7,18,74,907 ",3.05,
United States,India,2022,Exports & Imports,3092,3515,68.65,77.9," -4,36,59,713 "," 4,73,32,140 "," 9,09,91,853 ",2.99,
United States,Malaysia,2022,Exports & Imports,2640,1872,58.61,41.49," -3,87,93,861 "," 1,81,02,782 "," 5,68,96,643 ",0.72,
United States,Netherlands,2022,Exports & Imports,3281,2921,72.85,64.74," 3,72,74,136 "," 7,28,76,622 "," 3,56,02,486 ",1.6,
United States,Indonesia,2022,Exports & Imports,2305,1840,51.18,40.78," -2,72,76,972 "," 99,86,093 "," 3,72,63,065 ",4.11,1
United States,Switzerland,2022,Exports & Imports,2469,2552,54.82,56.56," -2,32,40,841 "," 3,68,95,589 "," 6,01,36,430 ",2.21,
United States,"Hong Kong, China",2022,Exports & Imports,2918,1850,64.79,41," 2,08,81,772 "," 2,58,15,866 "," 49,34,095 ",3.3,
United States,"Middle East, North Africa, Afghanistan & Pakistan",2022,Exports & Imports,3814,2865,84.68,63.5," -1,96,13,333 "," 7,55,81,006 "," 9,51,94,339 ",1.83,19
United States,Singapore,2022,Exports & Imports,3075,1563,68.27,34.64," 1,40,22,455 "," 4,61,63,161 "," 3,21,40,706 ",0,1
United States,Australia,2022,Exports & Imports,3468,2237,77,49.58," 1,36,92,809 "," 3,01,97,631 "," 1,65,04,822 ",0.53,1
United States,Austria,2022,Exports & Imports,1792,2247,39.79,49.8," -1,36,79,316 "," 47,44,182 "," 1,84,23,498 ",1.4,
United States,Sub-Saharan Africa,2022,Exports & Imports,3105,2090,68.94,46.32," -1,35,67,345 "," 1,82,25,370 "," 3,17,92,715 ",0.38,110
United States,United Arab Emirates,2022,Exports & Imports,2956,1148,65.63,25.44," 1,35,37,464 "," 2,08,51,481 "," 73,14,017 ",1.54,
United States,Russian Federation,2022,Exports & Imports,1596,1163,35.44,25.78," -1,33,55,961 "," 17,15,080 "," 1,50,71,041 ",1.01,
United States,Cambodia,2022,Exports & Imports,576,669,12.79,14.83," -1,26,42,270 "," 4,49,191 "," 1,30,91,461 ",9.99,2
United States,Saudi Arabia,2022,Exports & Imports,2646,535,58.75,11.86," -1,25,84,542 "," 1,15,64,778 "," 2,41,49,320 ",1.56,
United States,United Kingdom,2022,Exports & Imports,3732,3555,82.86,78.79," 1,25,15,462 "," 7,72,61,014 "," 6,47,45,551 ",1.32,
United States,Brazil,2022,Exports & Imports,3182,2527,70.65,56.01," 1,22,07,187 "," 5,35,77,707 "," 4,13,70,520 ",1.32,1
United States,France,2022,Exports & Imports,3200,3413,71.05,75.64," -1,21,62,636 "," 4,69,28,790 "," 5,90,91,426 ",1.9,
United States,Panama,2022,Exports & Imports,2783,520,61.79,11.52," 1,14,81,043 "," 1,20,30,212 "," 5,49,169 ",1.46,1
United States,Sweden,2022,Exports & Imports,2091,2152,46.43,47.7," -1,00,24,068 "," 76,67,380 "," 1,76,91,448 ",1.34,
United States,Iraq,2022,Exports & Imports,1208,79,26.82,1.75," -93,93,279 "," 9,49,852 "," 1,03,43,131 ",1.61,1
United States,Bangladesh,2022,Exports & Imports,956,660,21.23,14.63," -90,20,916 "," 28,13,867 "," 1,18,34,783 ",10.7,
United States,Denmark,2022,Exports & Imports,1859,1999,41.27,44.3," -87,24,506 "," 45,00,861 "," 1,32,25,368 ",0.74,
United States,South Africa,2022,Exports & Imports,2411,1499,53.53,33.22," -81,42,037 "," 65,14,872 "," 1,46,56,909 ",0.09,2
United States,Belgium,2022,Exports & Imports,2784,2546,61.81,56.43," 80,49,449 "," 3,55,23,381 "," 2,74,73,931 ",1.58,
United States,Israel,2022,Exports & Imports,2786,1972,61.86,43.71," -76,32,538 "," 1,42,32,760 "," 2,18,65,298 ",0.05,1
United States,Philippines,2022,Exports & Imports,2430,1423,53.95,31.54," -75,85,850 "," 92,90,727 "," 1,68,76,577 ",1.4,1
United States,Dominican Republic,2022,Exports & Imports,3238,1121,71.89,24.84," 67,10,013 "," 1,38,53,340 "," 71,43,327 ",0.46,1
United States,Chile,2022,Exports & Imports,3059,978,67.92,21.68," 65,26,583 "," 2,33,27,985 "," 1,68,01,402 ",0,1
United States,Finland,2022,Exports & Imports,1632,1508,36.23,33.42," -63,44,679 "," 26,50,651 "," 89,95,330 ",1.07,
United States,Slovak Republic,2022,Exports & Imports,914,1138,20.29,25.22," -62,46,775 "," 3,75,796 "," 66,22,571 ",2.36,
United States,Argentina,2022,Exports & Imports,2441,1104,54.2,24.47," 55,58,851 "," 1,28,50,390 "," 72,91,539 ",1.61,1
United States,Turkey,2022,Exports & Imports,2476,2658,54.97,58.91," -54,31,873 "," 1,49,93,006 "," 2,04,24,880 ",3.3,
United States,Hungary,2022,Exports & Imports,1486,1528,32.99,33.87," -50,21,302 "," 28,71,364 "," 78,92,666 ",1.59,
China, World,2023,Exports & Imports,4393,4341,100,100," 82,29,84,816 "," 3,37,97,47,835 "," 2,55,67,63,019 ",2.17,30
China,North America,2023,Exports & Imports,3947,3701,89.85,85.26," 33,72,96,892 "," 54,63,74,012 "," 20,90,77,120 ",4.4,
China,United States,2023,Exports & Imports,3877,3652,88.25,84.13," 33,60,63,509 "," 50,12,20,723 "," 16,51,57,214 ",4.92,
China,Europe & Central Asia,2023,Exports & Imports,4122,4132,93.83,95.19," 28,14,37,951 "," 81,20,87,284 "," 53,06,49,333 ",3.9,4
China,"Hong Kong, China",2023,Exports & Imports,3761,1642,85.61,37.83," 26,08,48,321 "," 27,45,19,285 "," 1,36,70,964 ",0,1
China,East Asia & Pacific,2023,Exports & Imports,4332,4137,98.61,95.3," 18,57,43,209 "," 1,20,20,65,232 "," 1,01,63,22,023 ",1.3,39
China,South Asia,2023,Exports & Imports,3810,2807,86.73,64.66," 12,70,10,792 "," 14,69,71,436 "," 1,99,60,644 ",3.71,5
China,India,2023,Exports & Imports,3610,2693,82.18,62.04," 9,91,38,056 "," 11,76,78,763 "," 1,85,40,707 ",3.65,1
China,Netherlands,2023,Exports & Imports,3402,2336,77.44,53.81," 8,32,94,568 "," 10,01,95,460 "," 1,69,00,891 ",3.94,
China,Australia,2023,Exports & Imports,3620,2046,82.4,47.13," -8,18,26,989 "," 7,38,14,238 "," 15,56,41,227 ",0.95,2
China,Brazil,2023,Exports & Imports,3353,1458,76.33,33.59," -6,33,85,204 "," 5,91,05,410 "," 12,24,90,614 ",3.74,
China,Mexico,2023,Exports & Imports,3383,1731,77.01,39.88," 6,27,27,750 "," 8,14,63,411 "," 1,87,35,661 ",2.26,
China,United Kingdom,2023,Exports & Imports,3453,2933,78.6,67.57," 5,78,52,085 "," 7,79,11,448 "," 2,00,59,364 ",6.29,
China,Switzerland,2023,Exports & Imports,2536,2249,57.73,51.81," -4,81,97,949 "," 57,76,437 "," 5,39,74,386 ",0.54,1
China,Singapore,2023,Exports & Imports,3565,1763,81.15,40.61," 4,55,08,416 "," 7,69,45,384 "," 3,14,36,968 ",0.6,3
China,Vietnam,2023,Exports & Imports,3818,2199,86.91,50.66," 4,54,71,423 "," 13,76,07,205 "," 9,21,35,782 ",1.08,2
China,Turkey,2023,Exports & Imports,3319,1888,75.55,43.49," 3,43,50,000 "," 3,88,72,862 "," 45,22,862 ",3.7,
China,Philippines,2023,Exports & Imports,3517,1245,80.06,28.68," 3,29,17,860 "," 5,24,00,746 "," 1,94,82,886 ",0.06,1
China,Poland,2023,Exports & Imports,3235,1841,73.64,42.41," 3,23,08,373 "," 3,71,67,371 "," 48,58,998 ",4.92,
China,Spain,2023,Exports & Imports,3297,2544,75.05,58.6," 3,08,37,820 "," 3,97,05,453 "," 88,67,633 ",6.05,
China,Sub-Saharan Africa,2023,Exports & Imports,3755,1518,85.48,34.97," 2,79,38,438 "," 13,10,41,140 "," 10,31,02,702 ",1.15,31
China,Oman,2023,Exports & Imports,2380,155,54.18,3.57," -2,74,80,961 "," 37,98,023 "," 3,12,78,984 ",0.65,
China,Thailand,2023,Exports & Imports,3767,2355,85.75,54.25," 2,51,86,728 "," 7,57,32,738 "," 5,05,46,010 ",2.79,2
China,Belgium,2023,Exports & Imports,3080,2061,70.11,47.48," 2,49,44,756 "," 3,25,51,818 "," 76,07,062 ",5.36,
China,Chile,2023,Exports & Imports,3154,513,71.8,11.82," -2,34,93,638 "," 1,95,08,028 "," 4,30,01,666 ",0.06,1
China,Bangladesh,2023,Exports & Imports,3192,652,72.66,15.02," 2,19,26,990 "," 2,29,53,016 "," 10,26,026 ",4.31,2
China,Saudi Arabia,2023,Exports & Imports,3207,520,73,11.98," -2,15,06,126 "," 4,28,55,039 "," 6,43,61,164 ",0.69,
China,Iraq,2023,Exports & Imports,2583,97,58.8,2.23," -2,11,79,483 "," 1,42,86,322 "," 3,54,65,805 ",0,
China,Kyrgyz Republic,2023,Exports & Imports,2391,71,54.43,1.64," 1,96,37,537 "," 1,97,20,745 "," 83,208 ",2.71,
China,Russian Federation,2023,Exports & Imports,3725,1735,84.79,39.97," -1,82,70,169 "," 11,09,35,409 "," 12,92,05,578 ",1.57,
China,Nigeria,2023,Exports & Imports,2916,212,66.38,4.88," 1,78,02,210 "," 2,01,76,895 "," 23,74,684 ",1.54,
China,Italy,2023,Exports & Imports,3401,3126,77.42,72.01," 1,72,96,996 "," 4,45,22,403 "," 2,72,25,407 ",5.72,
China,Qatar,2023,Exports & Imports,2519,147,57.34,3.39," -1,72,91,533 "," 36,36,153 "," 2,09,27,686 ",0.77,
China,United Arab Emirates,2023,Exports & Imports,3511,854,79.92,19.67," 1,63,73,919 "," 5,56,83,130 "," 3,93,09,211 ",1.31,
China,Malaysia,2023,Exports & Imports,3742,1997,85.18,46," -1,55,35,279 "," 8,73,69,777 "," 10,29,05,057 ",0.64,2
China,Angola,2023,Exports & Imports,2432,57,55.36,1.31," -1,47,70,170 "," 41,41,201 "," 1,89,11,371 ",0.09,1
China,"Egypt, Arab Rep.",2023,Exports & Imports,3023,526,68.81,12.12," 1,40,53,211 "," 1,49,34,547 "," 8,81,336 ",6,
China,Pakistan,2023,Exports & Imports,3221,823,73.32,18.96," 1,38,42,832 "," 1,72,98,321 "," 34,55,489 ",0.84,1
China,Peru,2023,Exports & Imports,3036,444,69.11,10.23," -1,34,04,628 "," 1,21,10,983 "," 2,55,15,611 ",0.03,1
China,Ireland,2023,Exports & Imports,2334,925,53.13,21.31," -1,29,95,132 "," 43,82,656 "," 1,73,77,788 ",2.08,
China,"Korea, Rep.",2023,Exports & Imports,3842,3170,87.46,73.02," -1,27,56,621 "," 14,89,82,811 "," 16,17,39,432 ",1.56,3
China,Kuwait,2023,Exports & Imports,2547,96,57.98,2.21," -1,19,40,116 "," 52,24,580 "," 1,71,64,696 ",0.36,
China,Greece,2023,Exports & Imports,2855,917,64.99,21.12," 1,19,29,721 "," 1,27,62,428 "," 8,32,707 ",2.07,
China,Czech Republic,2023,Exports & Imports,2553,1692,58.12,38.98," 1,10,64,012 "," 1,62,88,327 "," 52,24,315 ",4.81,
China,Uzbekistan,2023,Exports & Imports,2863,239,65.17,5.51," 1,07,29,392 "," 1,23,89,043 "," 16,59,651 ",2.64,
China,Cambodia,2023,Exports & Imports,3108,691,70.75,15.92," 1,06,82,601 "," 1,27,53,001 "," 20,70,400 ",2.5,4
China,"Congo, Dem. Rep.",2023,Exports & Imports,2353,39,53.56,0.9," -97,67,088 "," 44,85,897 "," 1,42,52,986 ",1.94,
China,Liberia,2023,Exports & Imports,1738,82,39.56,1.89," 97,53,047 "," 98,38,427 "," 85,380 ",0.4,1
China,Panama,2023,Exports & Imports,2672,159,60.82,3.66," 97,01,200 "," 1,13,19,905 "," 16,18,706 ",0.2,
China,Mongolia,2023,Exports & Imports,2592,192,59,4.42," -96,47,535 "," 34,70,408 "," 1,31,17,943 ",3.33,
United Arab Emirates, World,2022,Exports & Imports,4374,4458,100,100," 9,51,27,991 "," 51,56,21,189 "," 42,04,93,198 ",2.85,6
United Arab Emirates,"Middle East, North Africa, Afghanistan & Pakistan",2022,Exports & Imports,4284,3331,97.94,74.72," 8,01,55,694 "," 11,30,05,298 "," 3,28,49,603 ",0.48,22
United Arab Emirates,East Asia & Pacific,2022,Exports & Imports,3321,4175,75.93,93.65," -7,74,03,424 "," 3,50,36,841 "," 11,24,40,264 ",4.16,1
United Arab Emirates,China,2022,Exports & Imports,2607,3891,59.6,87.28," -5,71,09,771 "," 1,01,05,512 "," 6,72,15,283 ",3.61,
United Arab Emirates,Europe & Central Asia,2022,Exports & Imports,3589,4301,82.05,96.48," -2,77,61,387 "," 4,78,62,296 "," 7,56,23,682 ",3.33,4
United Arab Emirates,Sub-Saharan Africa,2022,Exports & Imports,3538,2054,80.89,46.07," -2,49,49,799 "," 1,81,43,232 "," 4,30,93,031 ",1,3
United Arab Emirates,Saudi Arabia,2022,Exports & Imports,3703,1726,84.66,38.72," 1,87,56,948 "," 2,81,00,960 "," 93,44,012 ",0,2
United Arab Emirates,Iraq,2022,Exports & Imports,3159,257,72.22,5.76," 1,79,48,064 "," 2,14,78,896 "," 35,30,832 ",0,1
United Arab Emirates,North America,2022,Exports & Imports,2670,3868,61.04,86.77," -1,20,86,647 "," 1,24,66,205 "," 2,45,52,852 ",3.74,
United Arab Emirates,United States,2022,Exports & Imports,2558,3832,58.48,85.96," -98,94,515 "," 1,15,20,847 "," 2,14,15,362 ",4.01,
United Arab Emirates,Japan,2022,Exports & Imports,1284,2780,29.36,62.36," -92,83,931 "," 27,26,168 "," 1,20,10,099 ",4.55,
United Arab Emirates,"Hong Kong, China",2022,Exports & Imports,1258,1039,28.76,23.31," 86,30,379 "," 1,03,20,934 "," 16,90,555 ",1.97,
United Arab Emirates,Oman,2022,Exports & Imports,3667,1037,83.84,23.26," 80,16,798 "," 1,06,38,091 "," 26,21,292 ",0,2
United Arab Emirates,Kuwait,2022,Exports & Imports,3167,801,72.41,17.97," 79,13,193 "," 99,61,434 "," 20,48,241 ",0,2
United Arab Emirates,Latin America & Caribbean,2022,Exports & Imports,1775,2407,40.58,53.99," -76,07,955 "," 20,40,733 "," 96,48,688 ",3.24,
United Arab Emirates,Germany,2022,Exports & Imports,1945,3447,44.47,77.32," -71,55,583 "," 13,56,560 "," 85,12,143 ",4.83,
United Arab Emirates,"Iran, Islamic Rep.",2022,Exports & Imports,1994,1135,45.59,25.46," 63,24,031 "," 67,57,911 "," 4,33,880 ",3.43,
United Arab Emirates,Vietnam,2022,Exports & Imports,913,1640,20.87,36.79," -61,95,580 "," 12,71,975 "," 74,67,555 ",3.14,
United Arab Emirates,Italy,2022,Exports & Imports,2011,3407,45.98,76.42," -59,37,846 "," 27,37,638 "," 86,75,484 ",4.58,
United Arab Emirates,France,2022,Exports & Imports,1942,3206,44.4,71.92," -56,33,785 "," 14,26,035 "," 70,59,820 ",4.44,
United Arab Emirates,Russian Federation,2022,Exports & Imports,1265,1428,28.92,32.03," -55,99,032 "," 25,90,577 "," 81,89,609 ",0.54,
United Arab Emirates,United Kingdom,2022,Exports & Imports,2228,3491,50.94,78.31," -54,05,370 "," 23,18,637 "," 77,24,006 ",3.8,
United Arab Emirates,Mali,2022,Exports & Imports,939,37,21.47,0.83," -53,47,828 "," 2,26,839 "," 55,74,666 ",0,
United Arab Emirates,Ghana,2022,Exports & Imports,1760,231,40.24,5.18," -41,08,955 "," 6,14,103 "," 47,23,057 ",0.04,
United Arab Emirates,Switzerland,2022,Exports & Imports,1081,2080,24.71,46.66," 36,69,339 "," 97,48,040 "," 60,78,700 ",0.34,1
United Arab Emirates,Qatar,2022,Exports & Imports,3359,474,76.79,10.63," 35,79,683 "," 60,16,909 "," 24,37,226 ",0,2
United Arab Emirates,"Egypt, Arab Rep.",2022,Exports & Imports,2432,1385,55.6,31.07," 35,34,403 "," 57,48,994 "," 22,14,591 ",0,1
United Arab Emirates,Jordan,2022,Exports & Imports,2596,880,59.35,19.74," 34,55,100 "," 39,68,487 "," 5,13,388 ",0,1
United Arab Emirates,Thailand,2022,Exports & Imports,1299,2124,29.7,47.64," -34,17,121 "," 14,90,306 "," 49,07,427 ",4.47,
United Arab Emirates,Brazil,2022,Exports & Imports,768,1455,17.56,32.64," -30,00,197 "," 6,48,816 "," 36,49,013 ",5.22,
United Arab Emirates,"Korea, Rep.",2022,Exports & Imports,1311,2377,29.97,53.32," -29,22,638 "," 13,49,026 "," 42,71,664 ",13.72,
United Arab Emirates,Australia,2022,Exports & Imports,1690,1818,38.64,40.78," -27,20,331 "," 9,08,462 "," 36,28,792 ",3.55,
United Arab Emirates,Indonesia,2022,Exports & Imports,1192,1711,27.25,38.38," -24,56,145 "," 8,13,748 "," 32,69,892 ",4.9,
United Arab Emirates,South Africa,2022,Exports & Imports,1677,1484,38.34,33.29," -24,46,527 "," 20,90,717 "," 45,37,244 ",1.63,
United Arab Emirates,Botswana,2022,Exports & Imports,338,40,7.73,0.9," -23,75,930 "," 1,34,245 "," 25,10,176 ",0.68,
United Arab Emirates,Guinea,2022,Exports & Imports,1231,35,28.14,0.79," -23,56,209 "," 2,57,837 "," 26,14,046 ",0.3,
United Arab Emirates,Zimbabwe,2022,Exports & Imports,826,75,18.88,1.68," -23,36,000 "," 3,72,467 "," 27,08,467 ",3.89,
United Arab Emirates,Canada,2022,Exports & Imports,1515,1941,34.64,43.54," -21,92,236 "," 9,45,228 "," 31,37,464 ",2.04,
United Arab Emirates,Niger,2022,Exports & Imports,703,46,16.07,1.03," -21,00,459 "," 1,39,867 "," 22,40,326 ",0,
United Arab Emirates,India,2022,Exports & Imports,2863,3813,65.45,85.53," -18,84,134 "," 2,53,92,914 "," 2,72,77,047 ",1.07,1
United Arab Emirates,Armenia,2022,Exports & Imports,1415,221,32.35,4.96," 17,47,584 "," 22,71,727 "," 5,24,143 ",2.41,
United Arab Emirates,Djibouti,2022,Exports & Imports,1890,28,43.21,0.63," 17,31,733 "," 17,32,127 ", 394 ,0,1
United Arab Emirates,Turkey,2022,Exports & Imports,1899,2862,43.42,64.2," -17,01,997 "," 79,02,628 "," 96,04,626 ",3.55,
United Arab Emirates,"Congo, Rep.",2022,Exports & Imports,1389,25,31.76,0.56," -17,00,375 "," 2,30,726 "," 19,31,101 ",4.88,
United Arab Emirates,Bahrain,2022,Exports & Imports,3236,757,73.98,16.98," 16,14,455 "," 43,00,056 "," 26,85,601 ",0,2
United Arab Emirates,Somalia,2022,Exports & Imports,1934,75,44.22,1.68," 16,07,827 "," 18,91,475 "," 2,83,648 ",0,1
United Arab Emirates,Zambia,2022,Exports & Imports,1255,52,28.69,1.17," -15,96,085 "," 2,42,433 "," 18,38,518 ",0.42,
United Arab Emirates,Spain,2022,Exports & Imports,1423,2893,32.53,64.89," -15,41,975 "," 5,75,968 "," 21,17,943 ",3.65,
United Arab Emirates,Maldives,2022,Exports & Imports,2175,83,49.73,1.86," 14,77,455 "," 14,79,211 "," 1,755 ",1.04,
United Arab Emirates,Yemen,2022,Exports & Imports,2203,196,50.37,4.4," 14,29,267 "," 15,50,679 "," 1,21,413 ",0,1
